Category,State,City,Institution,Website
StSupCourt,AL,Montgomery,Alabama Supreme Court,https://judicial.alabama.gov/
StSupCourt,AK,Anchorage,Alaska Supreme Court,https://courts.alaska.gov/
StSupCourt,AZ,Phoenix,Arizona Supreme Court,https://www.azcourts.gov/
StSupCourt,AR,Little Rock,Arkansas Supreme Court,https://www.arcourts.gov/
StSupCourt,CA,Sacramento,California Supreme Court,https://www.courts.ca.gov/
StSupCourt,CO,Denver,Colorado Supreme Court,https://www.courts.state.co.us/
StSupCourt,CT,Hartford,Connecticut Supreme Court,https://www.jud.ct.gov/
StSupCourt,DE,Dover,Delaware Supreme Court,https://courts.delaware.gov/
StSupCourt,FL,Tallahassee,Florida Supreme Court,https://www.floridasupremecourt.org/
StSupCourt,GA,Atlanta,Georgia Supreme Court,https://www.gasupreme.us/
StSupCourt,HI,Honolulu,Hawaii Supreme Court,https://www.courts.state.hi.us/
StSupCourt,ID,Boise,Idaho Supreme Court,https://isc.idaho.gov/
StSupCourt,IL,Springfield,Illinois Supreme Court,https://www.illinoiscourts.gov/
StSupCourt,IN,Indianapolis,Indiana Supreme Court,https://www.in.gov/judiciary/supreme/
StSupCourt,IA,Des Moines,Iowa Supreme Court,https://www.iowacourts.gov/
StSupCourt,KS,Topeka,Kansas Supreme Court,https://www.kscourts.org/
StSupCourt,KY,Frankfort,Kentucky Supreme Court,https://kycourts.gov/
StSupCourt,LA,Baton Rouge,Louisiana Supreme Court,https://www.lasc.org/
StSupCourt,ME,Augusta,Maine Supreme Judicial Court,https://www.courts.maine.gov/
StSupCourt,MD,Annapolis,Maryland Court of Appeals,https://www.courts.state.md.us/
StSupCourt,MA,Boston,Massachusetts Supreme Judicial Court,https://www.mass.gov/orgs/supreme-judicial-court
StSupCourt,MI,Lansing,Michigan Supreme Court,https://www.courts.mi.gov/
StSupCourt,MN,St. Paul,Minnesota Supreme Court,https://www.mncourts.gov/
StSupCourt,MS,Jackson,Mississippi Supreme Court,https://courts.ms.gov/
StSupCourt,MO,Jefferson City,Missouri Supreme Court,https://www.courts.mo.gov/
StSupCourt,MT,Helena,Montana Supreme Court,https://supremecourt.mt.gov/
StSupCourt,NE,Lincoln,Nebraska Supreme Court,https://supremecourt.nebraska.gov/
StSupCourt,NV,Carson City,Nevada Supreme Court,https://nvcourts.gov/
StSupCourt,NH,Concord,New Hampshire Supreme Court,https://www.courts.nh.gov/
StSupCourt,NJ,Trenton,New Jersey Supreme Court,https://www.njcourts.gov/
StSupCourt,NM,Santa Fe,New Mexico Supreme Court,https://www.nmcourts.gov/
StSupCourt,NY,Albany,New York Court of Appeals,https://www.nycourts.gov/courts/ad4/
StSupCourt,NC,Raleigh,North Carolina Supreme Court,https://www.nccourts.gov/
StSupCourt,ND,Bismarck,North Dakota Supreme Court,https://www.ndcourts.gov/
StSupCourt,OH,Columbus,Ohio Supreme Court,https://www.supremecourt.ohio.gov/
StSupCourt,OK,Oklahoma City,Oklahoma Supreme Court,https://www.oscn.net/
StSupCourt,OR,Salem,Oregon Supreme Court,https://www.courts.oregon.gov/
StSupCourt,PA,Harrisburg,Pennsylvania Supreme Court,https://www.pacourts.us/
StSupCourt,RI,Providence,Rhode Island Supreme Court,https://www.courts.ri.gov/
StSupCourt,SC,Columbia,South Carolina Supreme Court,https://www.sccourts.org/
StSupCourt,SD,Pierre,South Dakota Supreme Court,https://ujs.sd.gov/
StSupCourt,TN,Nashville,Tennessee Supreme Court,https://www.tncourts.gov/
StSupCourt,TX,Austin,Texas Supreme Court,https://www.txcourts.gov/supreme/
StSupCourt,UT,Salt Lake City,Utah Supreme Court,https://www.utcourts.gov/
StSupCourt,VT,Montpelier,Vermont Supreme Court,https://www.vermontjudiciary.org/
StSupCourt,VA,Richmond,Virginia Supreme Court,https://www.vacourts.gov/
StSupCourt,WA,Olympia,Washington Supreme Court,https://www.courts.wa.gov/
StSupCourt,WV,Charleston,West Virginia Supreme Court,https://www.courtswv.gov/
StSupCourt,WI,Madison,Wisconsin Supreme Court,https://www.wicourts.gov/
StSupCourt,WY,Cheyenne,Wyoming Supreme Court,https://www.courts.state.wy.us/
